County,District
Alameda,Alameda County Office of Education
Alameda,California School for the Blind (State Special Schl)
Alameda,California School for the Deaf-Fremont (State Special Schl)
Alameda,Alameda Unified
Alameda,Albany City Unified
Alameda,Berkeley Unified
Alameda,Castro Valley Unified
Alameda,Emery Unified
Alameda,Fremont Unified
Alameda,Hayward Unified
Alameda,Livermore Valley Joint Unified
Alameda,Mountain House Elementary
Alameda,Newark Unified
Alameda,New Haven Unified
Alameda,Oakland Unified
Alameda,Piedmont City Unified
Alameda,San Leandro Unified
Alameda,San Lorenzo Unified
Alameda,Tri-Valley ROP
Alameda,Eden Area ROP
Alameda,Mission Valley ROC/P
Alameda,Dublin Unified
Alameda,Pleasanton Unified
Alameda,Sunol Glen Unified
Alameda,SBE - Latitude 37.8 High
Alpine,Alpine County Office of Education
Alpine,Alpine County Unified
Amador,Amador County Office of Education
Amador,Amador County Unified
Amador,Amador County ROP
Butte,Butte County Office of Education
Butte,Bangor Union Elementary
Butte,Biggs Unified
Butte,Chico Unified
Butte,Durham Unified
Butte,Golden Feather Union Elementary
Butte,Manzanita Elementary
Butte,Oroville City Elementary
Butte,Oroville Union High
Butte,Palermo Union Elementary
Butte,Paradise Unified
Butte,Thermalito Union Elementary
Butte,Pioneer Union Elementary
Butte,Butte County ROP
Butte,Gridley Unified
Calaveras,Calaveras County Office of Education
Calaveras,Bret Harte Union High
Calaveras,Calaveras Unified
Calaveras,Mark Twain Union Elementary
Calaveras,Vallecito Union
Colusa,Colusa County Office of Education
Colusa,Colusa Unified
Colusa,Maxwell Unified
Colusa,Pierce Joint Unified
Colusa,Williams Unified
Contra Costa,Contra Costa County Office of Education
Contra Costa,Acalanes Union High
Contra Costa,Antioch Unified
Contra Costa,Brentwood Union Elementary
Contra Costa,Byron Union Elementary
Contra Costa,Canyon Elementary
Contra Costa,John Swett Unified
Contra Costa,Knightsen Elementary
Contra Costa,Lafayette Elementary
Contra Costa,Liberty Union High
Contra Costa,Martinez Unified
Contra Costa,Moraga Elementary
Contra Costa,Mt. Diablo Unified
Contra Costa,Oakley Union Elementary
Contra Costa,Orinda Union Elementary
Contra Costa,Pittsburg Unified
Contra Costa,West Contra Costa Unified
Contra Costa,San Ramon Valley Unified
Contra Costa,Walnut Creek Elementary
Contra Costa,Contra Costa County ROP
Contra Costa,SBE - John Henry High
Del Norte,Del Norte County Office of Education
Del Norte,Del Norte County Unified
Del Norte,Del Norte County ROP
El Dorado,El Dorado County Office of Education
El Dorado,Buckeye Union Elementary
El Dorado,Camino Union Elementary
El Dorado,El Dorado Union High
El Dorado,Gold Oak Union Elementary
El Dorado,Gold Trail Union Elementary
El Dorado,Indian Diggings Elementary
El Dorado,Lake Tahoe Unified
El Dorado,Latrobe
El Dorado,Mother Lode Union Elementary
El Dorado,Pioneer Union Elementary
El Dorado,Placerville Union Elementary
El Dorado,Pollock Pines Elementary
El Dorado,Rescue Union Elementary
El Dorado,Silver Fork Elementary
El Dorado,Black Oak Mine Unified
El Dorado,Central Sierra ROP
Fresno,Fresno County Office of Education
Fresno,Alvina Elementary
Fresno,Big Creek Elementary
Fresno,Burrel Union Elementary
Fresno,Clay Joint Elementary
Fresno,Clovis Unified
Fresno,Coalinga-Huron Unified
Fresno,Fowler Unified
Fresno,Fresno Unified
Fresno,Kingsburg Elementary Charter
Fresno,Kingsburg Joint Union High
Fresno,Kings Canyon Joint Unified
Fresno,Laton Joint Unified
Fresno,Monroe Elementary
Fresno,Orange Center
Fresno,Pacific Union Elementary
Fresno,Parlier Unified
Fresno,Pine Ridge Elementary
Fresno,Raisin City Elementary
Fresno,Sanger Unified
Fresno,Selma Unified
Fresno,Washington Colony Elementary
Fresno,West Park Elementary
Fresno,Westside Elementary
Fresno,Firebaugh-Las Deltas Unified
Fresno,Central Unified
Fresno,Kerman Unified
Fresno,Valley ROP
Fresno,Fresno ROP
Fresno,Mendota Unified
Fresno,Golden Plains Unified
Fresno,Sierra Unified
Fresno,Riverdale Joint Unified
Fresno,Caruthers Unified
Fresno,Washington Unified
Glenn,Glenn County Office of Education
Glenn,Capay Joint Union Elementary
Glenn,Lake Elementary
Glenn,Plaza Elementary
Glenn,Princeton Joint Unified
Glenn,Stony Creek Joint Unified
Glenn,Willows Unified
Glenn,Glenn County ROP
Glenn,Orland Joint Unified
Glenn,Hamilton Unified
Humboldt,Humboldt County Office of Education
Humboldt,Arcata Elementary
Humboldt,Northern Humboldt Union High
Humboldt,Big Lagoon Union Elementary
Humboldt,Blue Lake Union Elementary
Humboldt,Bridgeville Elementary
Humboldt,Cuddeback Union Elementary
Humboldt,Cutten Elementary
Humboldt,Fieldbrook Elementary
Humboldt,Fortuna Union High
Humboldt,Freshwater Elementary
Humboldt,Garfield Elementary
Humboldt,Green Point Elementary
Humboldt,Hydesville Elementary
Humboldt,Jacoby Creek Elementary
Humboldt,Klamath-Trinity Joint Unified
Humboldt,Kneeland Elementary
Humboldt,Loleta Union Elementary
Humboldt,Maple Creek Elementary
Humboldt,McKinleyville Union Elementary
Humboldt,Orick Elementary
Humboldt,Pacific Union Elementary
Humboldt,Peninsula Union
Humboldt,Rio Dell Elementary
Humboldt,Scotia Union Elementary
Humboldt,South Bay Union Elementary
Humboldt,Southern Humboldt Joint Unified
Humboldt,Trinidad Union Elementary
Humboldt,Humboldt County ROP
Humboldt,Ferndale Unified
Humboldt,Mattole Unified
Humboldt,Eureka City Schools
Humboldt,Fortuna Elementary
Imperial,Imperial County Office of Education
Imperial,Brawley Elementary
Imperial,Brawley Union High
Imperial,Calexico Unified
Imperial,Calipatria Unified
Imperial,Central Union High
Imperial,El Centro Elementary
Imperial,Heber Elementary
Imperial,Holtville Unified
Imperial,Imperial Unified
Imperial,Magnolia Union Elementary
Imperial,McCabe Union Elementary
Imperial,Meadows Union Elementary
Imperial,Mulberry Elementary
Imperial,San Pasqual Valley Unified
Imperial,Seeley Union Elementary
Imperial,Westmorland Union Elementary
Imperial,Imperial Valley ROP
Inyo,Inyo County Office of Education
Inyo,Big Pine Unified
Inyo,Death Valley Unified
Inyo,Lone Pine Unified
Inyo,Owens Valley Unified
Inyo,Round Valley Joint Elementary
Inyo,Bishop Unified
Kern,Kern County Office of Education
Kern,Arvin Union
Kern,Bakersfield City
Kern,Beardsley Elementary
Kern,Blake Elementary
Kern,Panama-Buena Vista Union
Kern,Buttonwillow Union Elementary
Kern,Caliente Union Elementary
Kern,Delano Union Elementary
Kern,Delano Joint Union High
Kern,Di Giorgio Elementary
Kern,Edison Elementary
Kern,Elk Hills Elementary
Kern,Fairfax Elementary
Kern,Fruitvale Elementary
Kern,General Shafter Elementary
Kern,Greenfield Union
Kern,Kern High
Kern,Kernville Union Elementary
Kern,Lakeside Union
Kern,Lamont Elementary
Kern,Richland Union Elementary
Kern,Linns Valley-Poso Flat Union
Kern,Lost Hills Union Elementary
Kern,Maple Elementary
Kern,Maricopa Unified
Kern,McKittrick Elementary
Kern,Midway Elementary
Kern,Mojave Unified
Kern,Muroc Joint Unified
Kern,Norris Elementary
Kern,Pond Union Elementary
Kern,Rosedale Union Elementary
Kern,Semitropic Elementary
Kern,Southern Kern Unified
Kern,South Fork Union
Kern,Standard Elementary
Kern,Taft City
Kern,Taft Union High
Kern,Tehachapi Unified
Kern,Vineland Elementary
Kern,Wasco Union Elementary
Kern,Wasco Union High
Kern,Rio Bravo-Greeley Union Elementary
Kern,Sierra Sands Unified
Kern,McFarland Unified
Kern,Kern County ROP
Kern,Kern High ROC
Kern,El Tejon Unified
Kings,Kings County Office of Education
Kings,Armona Union Elementary
Kings,Central Union Elementary
Kings,Corcoran Joint Unified
Kings,Hanford Elementary
Kings,Hanford Joint Union High
Kings,Island Union Elementary
Kings,Kings River-Hardwick Union Elementary
Kings,Kit Carson Union Elementary
Kings,Lakeside Union Elementary
Kings,Lemoore Union Elementary
Kings,Lemoore Union High
Kings,Pioneer Union Elementary
Kings,Reef-Sunset Unified
Kings,Kings County ROP
Lake,Lake County Office of Education
Lake,Kelseyville Unified
Lake,Konocti Unified
Lake,Lakeport Unified
Lake,Lucerne Elementary
Lake,Middletown Unified
Lake,Upper Lake Unified
Lassen,Lassen County Office of Education
Lassen,Big Valley Joint Unified
Lassen,Janesville Union Elementary
Lassen,Johnstonville Elementary
Lassen,Lassen Union High
Lassen,Ravendale-Termo Elementary
Lassen,Richmond Elementary
Lassen,Shaffer Union Elementary
Lassen,Susanville Elementary
Lassen,Westwood Unified
Lassen,Lassen ROP
Lassen,Fort Sage Unified
Los Angeles,Los Angeles County Office of Education
Los Angeles,ABC Unified
Los Angeles,Antelope Valley Union High
Los Angeles,Arcadia Unified
Los Angeles,Azusa Unified
Los Angeles,Baldwin Park Unified
Los Angeles,Bassett Unified
Los Angeles,Bellflower Unified
Los Angeles,Beverly Hills Unified
Los Angeles,Bonita Unified
Los Angeles,Burbank Unified
Los Angeles,Castaic Union
Los Angeles,Centinela Valley Union High
Los Angeles,Charter Oak Unified
Los Angeles,Claremont Unified
Los Angeles,Covina-Valley Unified
Los Angeles,Culver City Unified
Los Angeles,Downey Unified
Los Angeles,Duarte Unified
Los Angeles,Eastside Union Elementary
Los Angeles,East Whittier City Elementary
Los Angeles,El Monte City
Los Angeles,El Monte Union High
Los Angeles,El Rancho Unified
Los Angeles,El Segundo Unified
Los Angeles,Garvey Elementary
Los Angeles,Glendale Unified
Los Angeles,Glendora Unified
Los Angeles,Gorman Joint
Los Angeles,Hawthorne
Los Angeles,Hermosa Beach City Elementary
Los Angeles,Hughes-Elizabeth Lakes Union Elementary
Los Angeles,Inglewood Unified
Los Angeles,Keppel Union Elementary
Los Angeles,La Canada Unified
Los Angeles,Lancaster Elementary
Los Angeles,Las Virgenes Unified
Los Angeles,Lawndale Elementary
Los Angeles,Lennox
Los Angeles,Little Lake City Elementary
Los Angeles,Long Beach Unified
Los Angeles,Los Angeles Unified
Los Angeles,Los Nietos
Los Angeles,Lynwood Unified
Los Angeles,Monrovia Unified
Los Angeles,Montebello Unified
Los Angeles,Mountain View Elementary
Los Angeles,Newhall
Los Angeles,Norwalk-La Mirada Unified
Los Angeles,Palmdale Elementary
Los Angeles,Palos Verdes Peninsula Unified
Los Angeles,Paramount Unified
Los Angeles,Pasadena Unified
Los Angeles,Pomona Unified
Los Angeles,Rosemead Elementary
Los Angeles,San Marino Unified
Los Angeles,Santa Monica-Malibu Unified
Los Angeles,Saugus Union
Los Angeles,South Pasadena Unified
Los Angeles,South Whittier Elementary
Los Angeles,Sulphur Springs Union
Los Angeles,Temple City Unified
Los Angeles,Torrance Unified
Los Angeles,Valle Lindo Elementary
Los Angeles,West Covina Unified
Los Angeles,Westside Union Elementary
Los Angeles,Whittier City Elementary
Los Angeles,Whittier Union High
Los Angeles,William S. Hart Union High
Los Angeles,Wilsona Elementary
Los Angeles,Compton Unified
Los Angeles,Hacienda la Puente Unified
Los Angeles,Rowland Unified
Los Angeles,Walnut Valley Unified
Los Angeles,San Gabriel Valley Regional Occupational Program
Los Angeles,Tri-Cities ROP
Los Angeles,Southern California ROC
Los Angeles,Long Beach Unified ROP
Los Angeles,Los Angeles Unified ROCP
Los Angeles,Los Angeles County ROP
Los Angeles,Hart ROP
Los Angeles,Antelope Valley ROP
Los Angeles,Compton Unified ROP
Los Angeles,San Antonio ROP
Los Angeles,San Gabriel Unified
Los Angeles,Acton-Agua Dulce Unified
Los Angeles,Manhattan Beach Unified
Los Angeles,Redondo Beach Unified
Los Angeles,SBE - New West Charter
Los Angeles,Alhambra Unified
Los Angeles,Wiseburn Unified
Los Angeles,SBE - Academia Avance Charter
Los Angeles,California Advancing Pathways for Students in Los Angeles County ROC/P
Los Angeles,SBE - Los Angeles College Prep Academy
Madera,Madera County Superintendent of Schools
Madera,Alview-Dairyland Union Elementary
Madera,Bass Lake Joint Union Elementary
Madera,Chowchilla Elementary
Madera,Chowchilla Union High
Madera,Madera Unified
Madera,Raymond-Knowles Union Elementary
Madera,Golden Valley Unified
Madera,Chawanakee Unified
Madera,Yosemite Unified
Marin,Marin County Office of Education
Marin,Bolinas-Stinson Union
Marin,Miller Creek Elementary
Marin,Kentfield Elementary
Marin,Laguna Joint Elementary
Marin,Lagunitas Elementary
Marin,Larkspur-Corte Madera
Marin,Mill Valley Elementary
Marin,Nicasio
Marin,Novato Unified
Marin,Reed Union Elementary
Marin,Ross Elementary
Marin,San Rafael City Elementary
Marin,San Rafael City High
Marin,Sausalito Marin City
Marin,Tamalpais Union High
Marin,Shoreline Unified
Marin,Marin County ROP
Marin,Ross Valley Elementary
Mariposa,Mariposa County Office of Education
Mariposa,Mariposa County Unified
Mendocino,Mendocino County Office of Education
Mendocino,Anderson Valley Unified
Mendocino,Arena Union Elementary
Mendocino,Fort Bragg Unified
Mendocino,Manchester Union Elementary
Mendocino,Mendocino Unified
Mendocino,Point Arena Joint Union High
Mendocino,Round Valley Unified
Mendocino,Ukiah Unified
Mendocino,Willits Unified
Mendocino,Potter Valley Community Unified
Mendocino,Laytonville Unified
Mendocino,Mendocino County ROC/ROP
Mendocino,Leggett Valley Unified
Merced,Merced County Office of Education
Merced,Atwater Elementary
Merced,Ballico-Cressey Elementary
Merced,El Nido Elementary
Merced,Hilmar Unified
Merced,Le Grand Union Elementary
Merced,Le Grand Union High
Merced,Livingston Union
Merced,Los Banos Unified
Merced,McSwain Union Elementary
Merced,Merced City Elementary
Merced,Merced Union High
Merced,Plainsburg Union Elementary
Merced,Planada Elementary
Merced,Snelling-Merced Falls Union Elementary
Merced,Weaver Union
Merced,Winton
Merced,Gustine Unified
Merced,Merced River Union Elementary
Merced,Merced County ROP
Merced,Dos Palos Oro Loma Joint Unified
Merced,Delhi Unified
Modoc,Modoc County Office of Education
Modoc,Surprise Valley Joint Unified
Modoc,Modoc Joint Unified
Modoc,Tulelake Basin Joint Unified
Modoc,Modoc County ROP
Mono,Mono County Office of Education
Mono,Eastern Sierra Unified
Mono,Mammoth Unified
Mono,Mono County ROC/P
Monterey,Monterey County Office of Education
Monterey,Alisal Union
Monterey,Bradley Union Elementary
Monterey,Carmel Unified
Monterey,Chualar Union
Monterey,Graves Elementary
Monterey,Greenfield Union Elementary
Monterey,King City Union
Monterey,South Monterey County Joint Union High
Monterey,Lagunita Elementary
Monterey,Mission Union Elementary
Monterey,Monterey Peninsula Unified
Monterey,Pacific Grove Unified
Monterey,Salinas City Elementary
Monterey,Salinas Union High
Monterey,San Antonio Union Elementary
Monterey,San Ardo Union Elementary
Monterey,San Lucas Union Elementary
Monterey,Santa Rita Union Elementary
Monterey,Spreckels Union Elementary
Monterey,Washington Union Elementary
Monterey,North Monterey County Unified
Monterey,Mission Trails ROP
Monterey,Big Sur Unified
Monterey,Soledad Unified
Monterey,Gonzales Unified
Napa,Napa County Office of Education
Napa,Calistoga Joint Unified
Napa,Howell Mountain Elementary
Napa,Napa Valley Unified
Napa,Pope Valley Union Elementary
Napa,Saint Helena Unified
Napa,Napa County ROP
Nevada,Nevada County Office of Education
Nevada,Chicago Park Elementary
Nevada,Clear Creek Elementary
Nevada,Grass Valley Elementary
Nevada,Nevada City Elementary
Nevada,Nevada Joint Union High
Nevada,Pleasant Ridge Union Elementary
Nevada,Union Hill Elementary
Nevada,Twin Ridges Elementary
Nevada,Penn Valley Union Elementary
Orange,Orange County Department of Education
Orange,Lowell Joint
Orange,Anaheim Elementary
Orange,Anaheim Union High
Orange,Brea-Olinda Unified
Orange,Buena Park Elementary
Orange,Capistrano Unified
Orange,Centralia Elementary
Orange,Cypress Elementary
Orange,Fountain Valley Elementary
Orange,Fullerton Elementary
Orange,Fullerton Joint Union High
Orange,Garden Grove Unified
Orange,Huntington Beach City Elementary
Orange,Huntington Beach Union High
Orange,Laguna Beach Unified
Orange,La Habra City Elementary
Orange,Magnolia Elementary
Orange,Newport-Mesa Unified
Orange,Ocean View
Orange,Orange Unified
Orange,Placentia-Yorba Linda Unified
Orange,Santa Ana Unified
Orange,Savanna Elementary
Orange,Westminster
Orange,Saddleback Valley Unified
Orange,Tustin Unified
Orange,Irvine Unified
Orange,Los Alamitos Unified
Orange,North Orange County ROP-Adult
Orange,College and Career Advantage
Orange,Coastline ROP
Orange,Central Orange County CTE Partnership (CTEp)
Orange,SBE - Magnolia Science Academy Santa Ana
Placer,Placer County Office of Education
Placer,Ackerman Charter
Placer,Alta-Dutch Flat Union Elementary
Placer,Auburn Union Elementary
Placer,Colfax Elementary
Placer,Dry Creek Joint Elementary
Placer,Eureka Union
Placer,Foresthill Union Elementary
Placer,Loomis Union Elementary
Placer,Newcastle Elementary
Placer,Placer Hills Union Elementary
Placer,Placer Union High
Placer,Roseville City Elementary
Placer,Roseville Joint Union High
Placer,Tahoe-Truckee Unified
Placer,Western Placer Unified
Placer,Forty-Niner ROP
Placer,Rocklin Unified
Plumas,Plumas County Office of Education
Plumas,Plumas Unified
Plumas,Plumas County ROP
Riverside,Riverside County Office of Education
Riverside,California School for the Deaf-Riverside (State Special Schl)
Riverside,Alvord Unified
Riverside,Banning Unified
Riverside,Beaumont Unified
Riverside,Corona-Norco Unified
Riverside,Desert Center Unified
Riverside,Desert Sands Unified
Riverside,Hemet Unified
Riverside,Jurupa Unified
Riverside,Menifee Union Elementary
Riverside,Moreno Valley Unified
Riverside,Nuview Union
Riverside,Palm Springs Unified
Riverside,Palo Verde Unified
Riverside,Perris Elementary
Riverside,Perris Union High
Riverside,Riverside Unified
Riverside,Romoland Elementary
Riverside,San Jacinto Unified
Riverside,Coachella Valley Unified
Riverside,Riverside County Office Of Education ROP
Riverside,Lake Elsinore Unified
Riverside,Temecula Valley Unified
Riverside,Murrieta Valley Unified
Riverside,Val Verde Unified
Sacramento,Sacramento County Office of Education
Sacramento,California Education Authority (CEA) Headquarters
Sacramento,Arcohe Union Elementary
Sacramento,Elk Grove Unified
Sacramento,Elverta Joint Elementary
Sacramento,Folsom-Cordova Unified
Sacramento,Galt Joint Union Elementary
Sacramento,Galt Joint Union High
Sacramento,River Delta Joint Unified
Sacramento,Robla Elementary
Sacramento,Sacramento City Unified
Sacramento,San Juan Unified
Sacramento,Center Joint Unified
Sacramento,Sacramento County ROP
Sacramento,Natomas Unified
Sacramento,Twin Rivers Unified
San Benito,San Benito County Office of Education
San Benito,Bitterwater-Tully Elementary
San Benito,Cienega Union Elementary
San Benito,Hollister
San Benito,Jefferson Elementary
San Benito,North County Joint Union Elementary
San Benito,Panoche Elementary
San Benito,San Benito High
San Benito,Southside Elementary
San Benito,Tres Pinos Union Elementary
San Benito,Willow Grove Union Elementary
San Benito,Aromas - San Juan Unified
San Bernardino,San Bernardino County Office of Education
San Bernardino,Adelanto Elementary
San Bernardino,Alta Loma Elementary
San Bernardino,Barstow Unified
San Bernardino,Bear Valley Unified
San Bernardino,Central Elementary
San Bernardino,Chaffey Joint Union High
San Bernardino,Chino Valley Unified
San Bernardino,Colton Joint Unified
San Bernardino,Cucamonga Elementary
San Bernardino,Etiwanda Elementary
San Bernardino,Fontana Unified
San Bernardino,Helendale Elementary
San Bernardino,Morongo Unified
San Bernardino,Mountain View Elementary
San Bernardino,Mt. Baldy Joint Elementary
San Bernardino,Needles Unified
San Bernardino,Ontario-Montclair
San Bernardino,Oro Grande
San Bernardino,Redlands Unified
San Bernardino,Rialto Unified
San Bernardino,Rim of the World Unified
San Bernardino,San Bernardino City Unified
San Bernardino,Trona Joint Unified
San Bernardino,Victor Elementary
San Bernardino,Victor Valley Union High
San Bernardino,Yucaipa-Calimesa Joint Unified
San Bernardino,Baker Valley Unified
San Bernardino,Silver Valley Unified
San Bernardino,Snowline Joint Unified
San Bernardino,Colton-Redlands-Yucaipa ROP
San Bernardino,Baldy View ROP
San Bernardino,San Bernardino County ROP
San Bernardino,Hesperia Unified
San Bernardino,Lucerne Valley Unified
San Bernardino,Upland Unified
San Bernardino,Apple Valley Unified
San Diego,San Diego County Office of Education
San Diego,Alpine Union Elementary
San Diego,Borrego Springs Unified
San Diego,Cajon Valley Union
San Diego,Cardiff Elementary
San Diego,Chula Vista Elementary
San Diego,Coronado Unified
San Diego,Dehesa Elementary
San Diego,Del Mar Union Elementary
San Diego,Encinitas Union Elementary
San Diego,Escondido Union
San Diego,Escondido Union High
San Diego,Fallbrook Union Elementary
San Diego,Fallbrook Union High
San Diego,Grossmont Union High
San Diego,Jamul-Dulzura Union Elementary
San Diego,Julian Union Elementary
San Diego,Julian Union High
San Diego,Lakeside Union Elementary
San Diego,La Mesa-Spring Valley
San Diego,Lemon Grove
San Diego,Mountain Empire Unified
San Diego,National Elementary
San Diego,Poway Unified
San Diego,Ramona City Unified
San Diego,Rancho Santa Fe Elementary
San Diego,San Diego Unified
San Diego,San Dieguito Union High
San Diego,San Pasqual Union Elementary
San Diego,Santee
San Diego,San Ysidro Elementary
San Diego,Solana Beach Elementary
San Diego,South Bay Union
San Diego,Spencer Valley Elementary
San Diego,Sweetwater Union High
San Diego,Vallecitos Elementary
San Diego,Vista Unified
San Diego,Carlsbad Unified
San Diego,Oceanside Unified
San Diego,San Marcos Unified
San Diego,San Diego County ROP
San Diego,Warner Unified
San Diego,Valley Center-Pauma Unified
San Diego,SBC - High Tech High
San Diego,Bonsall Unified
San Diego,SBE - Grossmont Secondary
San Diego,SBE - Sweetwater Secondary
San Diego,SBE - Vista Springs Charter
San Diego,SBE - College Preparatory Middle
San Diego,SBE - Baypoint Preparatory Academy San Diego
San Francisco,San Francisco County Office of Education
San Francisco,San Francisco Unified
San Francisco,San Francisco County ROP
San Francisco,SBE - The New School of San Francisco
San Francisco,SBE - KIPP Bayview Elementary
San Joaquin,San Joaquin County Office of Education
San Joaquin,Escalon Unified
San Joaquin,Jefferson Elementary
San Joaquin,Lincoln Unified
San Joaquin,Linden Unified
San Joaquin,Lodi Unified
San Joaquin,Manteca Unified
San Joaquin,New Hope Elementary
San Joaquin,New Jerusalem Elementary
San Joaquin,Oak View Union Elementary
San Joaquin,Ripon Unified
San Joaquin,Stockton Unified
San Joaquin,San Joaquin County ROP
San Joaquin,Tracy Joint Unified
San Joaquin,Lammersville Joint Unified
San Joaquin,Banta Unified
San Luis Obispo,San Luis Obispo County Office of Education
San Luis Obispo,Atascadero Unified
San Luis Obispo,Cayucos Elementary
San Luis Obispo,Lucia Mar Unified
San Luis Obispo,Pleasant Valley Joint Union Elementary
San Luis Obispo,San Luis Coastal Unified
San Luis Obispo,San Miguel Joint Union
San Luis Obispo,Shandon Joint Unified
San Luis Obispo,Templeton Unified
San Luis Obispo,Paso Robles Joint Unified
San Luis Obispo,Coast Unified
San Mateo,San Mateo County Office of Education
San Mateo,Bayshore Elementary
San Mateo,Belmont-Redwood Shores Elementary
San Mateo,Brisbane Elementary
San Mateo,Burlingame Elementary
San Mateo,Cabrillo Unified
San Mateo,Hillsborough City Elementary
San Mateo,Jefferson Elementary
San Mateo,Jefferson Union High
San Mateo,Pacifica
San Mateo,La Honda-Pescadero Unified
San Mateo,Las Lomitas Elementary
San Mateo,Menlo Park City Elementary
San Mateo,Millbrae Elementary
San Mateo,Portola Valley Elementary
San Mateo,Ravenswood City Elementary
San Mateo,Redwood City Elementary
San Mateo,San Bruno Park Elementary
San Mateo,San Carlos Elementary
San Mateo,San Mateo-Foster City
San Mateo,San Mateo Union High
San Mateo,Sequoia Union High
San Mateo,South San Francisco Unified
San Mateo,Woodside Elementary
Santa Barbara,Santa Barbara County Office of Education
Santa Barbara,Ballard Elementary
Santa Barbara,Blochman Union Elementary
Santa Barbara,Santa Maria-Bonita
Santa Barbara,Buellton Union Elementary
Santa Barbara,Carpinteria Unified
Santa Barbara,Cold Spring Elementary
Santa Barbara,College Elementary
Santa Barbara,Goleta Union Elementary
Santa Barbara,Guadalupe Union Elementary
Santa Barbara,Hope Elementary
Santa Barbara,Lompoc Unified
Santa Barbara,Los Olivos Elementary
Santa Barbara,Montecito Union Elementary
Santa Barbara,Orcutt Union Elementary
Santa Barbara,Santa Maria Joint Union High
Santa Barbara,Santa Ynez Valley Union High
Santa Barbara,Solvang Elementary
Santa Barbara,Vista del Mar Union
Santa Barbara,Santa Barbara County ROP
Santa Barbara,Cuyama Joint Unified
Santa Barbara,Santa Barbara Unified
Santa Barbara,SBE - Olive Grove Charter - Orcutt/Santa Maria
Santa Barbara,SBE - Olive Grove Charter - Lompoc
Santa Barbara,SBE - Olive Grove Charter - Buellton
Santa Barbara,SBE - Olive Grove Charter - Santa Barbara
Santa Clara,Santa Clara County Office of Education
Santa Clara,Alum Rock Union Elementary
Santa Clara,Berryessa Union Elementary
Santa Clara,Cambrian
Santa Clara,Campbell Union
Santa Clara,Campbell Union High
Santa Clara,Cupertino Union
Santa Clara,East Side Union High
Santa Clara,Evergreen Elementary
Santa Clara,Franklin-McKinley Elementary
Santa Clara,Fremont Union High
Santa Clara,Gilroy Unified
Santa Clara,Lakeside Joint
Santa Clara,Loma Prieta Joint Union Elementary
Santa Clara,Los Altos Elementary
Santa Clara,Los Gatos Union Elementary
Santa Clara,Los Gatos-Saratoga Union High
Santa Clara,Luther Burbank
Santa Clara,Moreland
Santa Clara,Morgan Hill Unified
Santa Clara,Mountain View Whisman
Santa Clara,Mountain View-Los Altos Union High
Santa Clara,Mount Pleasant Elementary
Santa Clara,Oak Grove Elementary
Santa Clara,Orchard Elementary
Santa Clara,Palo Alto Unified
Santa Clara,San Jose Unified
Santa Clara,Santa Clara Unified
Santa Clara,Saratoga Union Elementary
Santa Clara,Sunnyvale
Santa Clara,Union Elementary
Santa Clara,Milpitas Unified
Santa Clara,Metro Education
Santa Clara,Santa Clara County ROP
Santa Clara,North County Regional Occupational Center/Program (ROC/P)
Santa Clara,SBE - Perseverance Preparatory
Santa Clara,SBE - KIPP Navigate College Prep
Santa Cruz,Santa Cruz County Office of Education
Santa Cruz,Bonny Doon Union Elementary
Santa Cruz,Happy Valley Elementary
Santa Cruz,Live Oak Elementary
Santa Cruz,Mountain Elementary
Santa Cruz,Pacific Elementary
Santa Cruz,Pajaro Valley Unified
Santa Cruz,San Lorenzo Valley Unified
Santa Cruz,Santa Cruz City Elementary
Santa Cruz,Santa Cruz City High
Santa Cruz,Soquel Union Elementary
Santa Cruz,Santa Cruz County ROP
Santa Cruz,Scotts Valley Unified
Santa Cruz,SBE - Watsonville Prep
Shasta,Shasta County Office of Education
Shasta,Anderson Union High
Shasta,Bella Vista Elementary
Shasta,Black Butte Union Elementary
Shasta,Cascade Union Elementary
Shasta,Castle Rock Union Elementary
Shasta,Columbia Elementary
Shasta,Cottonwood Union Elementary
Shasta,Enterprise Elementary
Shasta,Fall River Joint Unified
Shasta,French Gulch-Whiskeytown Elementary
Shasta,Grant Elementary
Shasta,Happy Valley Union Elementary
Shasta,"Igo, Ono, Platina Union Elementary"
Shasta,Junction Elementary
Shasta,Millville Elementary
Shasta,North Cow Creek Elementary
Shasta,Oak Run Elementary
Shasta,Pacheco Union Elementary
Shasta,Redding Elementary
Shasta,Shasta Union Elementary
Shasta,Shasta Union High
Shasta,Whitmore Union Elementary
Shasta,Mountain Union Elementary
Shasta,Shasta-Trinity ROP
Shasta,Gateway Unified
Sierra,Sierra County Office of Education
Sierra,Sierra-Plumas Joint Unified
Sierra,WIlliam (R) Rouse ROP
Siskiyou,Siskiyou County Office of Education
Siskiyou,Big Springs Union Elementary
Siskiyou,Bogus Elementary
Siskiyou,Butteville Union Elementary
Siskiyou,Delphic Elementary
Siskiyou,Dunsmuir Elementary
Siskiyou,Dunsmuir Joint Union High
Siskiyou,Forks of Salmon Elementary
Siskiyou,Gazelle Union Elementary
Siskiyou,Grenada Elementary
Siskiyou,Happy Camp Union Elementary
Siskiyou,Hornbrook Elementary
Siskiyou,Junction Elementary
Siskiyou,Klamath River Union Elementary
Siskiyou,Little Shasta Elementary
Siskiyou,McCloud Union Elementary
Siskiyou,Montague Elementary
Siskiyou,Mt. Shasta Union Elementary
Siskiyou,Seiad Elementary
Siskiyou,Siskiyou Union High
Siskiyou,Weed Union Elementary
Siskiyou,Willow Creek Elementary
Siskiyou,Yreka Union Elementary
Siskiyou,Yreka Union High
Siskiyou,Butte Valley Unified
Siskiyou,Siskiyou ROP
Siskiyou,Scott Valley Unified
Solano,Solano County Office of Education
Solano,Benicia Unified
Solano,Dixon Unified
Solano,Fairfield-Suisun Unified
Solano,Travis Unified
Solano,Vacaville Unified
Solano,Vallejo City Unified
Sonoma,Sonoma County Office of Education
Sonoma,Alexander Valley Union Elementary
Sonoma,West Sonoma County Union High
Sonoma,Bellevue Union
Sonoma,Bennett Valley Union Elementary
Sonoma,Cinnabar Elementary
Sonoma,Cloverdale Unified
Sonoma,Dunham Elementary
Sonoma,Forestville Union Elementary
Sonoma,Fort Ross Elementary
Sonoma,Geyserville Unified
Sonoma,Gravenstein Union Elementary
Sonoma,Guerneville Elementary
Sonoma,Harmony Union Elementary
Sonoma,Horicon Elementary
Sonoma,Kenwood
Sonoma,Liberty Elementary
Sonoma,Mark West Union Elementary
Sonoma,Monte Rio Union Elementary
Sonoma,Montgomery Elementary
Sonoma,Oak Grove Union Elementary
Sonoma,Old Adobe Union
Sonoma,Petaluma City Elementary
Sonoma,Petaluma Joint Union High
Sonoma,Piner-Olivet Union Elementary
Sonoma,Kashia Elementary
Sonoma,Rincon Valley Union Elementary
Sonoma,Roseland
Sonoma,Santa Rosa Elementary
Sonoma,Santa Rosa High
Sonoma,Sebastopol Union Elementary
Sonoma,Sonoma Valley Unified
Sonoma,Twin Hills Union Elementary
Sonoma,Two Rock Union
Sonoma,Waugh Elementary
Sonoma,West Side Union Elementary
Sonoma,Wilmar Union Elementary
Sonoma,Wright Elementary
Sonoma,Cotati-Rohnert Park Unified
Sonoma,Sonoma County ROP
Sonoma,Windsor Unified
Sonoma,Healdsburg Unified
Stanislaus,Stanislaus County Office of Education
Stanislaus,Ceres Unified
Stanislaus,Chatom Union
Stanislaus,Denair Unified
Stanislaus,Empire Union Elementary
Stanislaus,Gratton Elementary
Stanislaus,Hart-Ransom Union Elementary
Stanislaus,Hickman Community Charter
Stanislaus,Keyes Union
Stanislaus,Knights Ferry Elementary
Stanislaus,Modesto City Elementary
Stanislaus,Modesto City High
Stanislaus,Paradise Elementary
Stanislaus,Patterson Joint Unified
Stanislaus,Roberts Ferry Union Elementary
Stanislaus,Salida Union Elementary
Stanislaus,Shiloh Elementary
Stanislaus,Stanislaus Union Elementary
Stanislaus,Sylvan Union Elementary
Stanislaus,Valley Home Joint Elementary
Stanislaus,Newman-Crows Landing Unified
Stanislaus,Yosemite ROP
Stanislaus,Hughson Unified
Stanislaus,Riverbank Unified
Stanislaus,Oakdale Joint Unified
Stanislaus,Waterford Unified
Stanislaus,Turlock Unified
Sutter,Sutter County Office of Education
Sutter,Brittan Elementary
Sutter,Browns Elementary
Sutter,East Nicolaus Joint Union High
Sutter,Franklin Elementary
Sutter,Live Oak Unified
Sutter,Marcum-Illinois Union Elementary
Sutter,Meridian Elementary
Sutter,Nuestro Elementary
Sutter,Pleasant Grove Joint Union
Sutter,Sutter Union High
Sutter,Winship-Robbins
Sutter,Yuba City Unified
Sutter,Tri-County ROP
Tehama,Tehama County Department of Education
Tehama,Antelope Elementary
Tehama,Corning Union Elementary
Tehama,Corning Union High
Tehama,Evergreen Union
Tehama,Flournoy Union Elementary
Tehama,Gerber Union Elementary
Tehama,Kirkwood Elementary
Tehama,Lassen View Union Elementary
Tehama,Los Molinos Unified
Tehama,Red Bluff Union Elementary
Tehama,Red Bluff Joint Union High
Tehama,Reeds Creek Elementary
Tehama,Richfield Elementary
Tehama,Tehama County ROP
Trinity,Trinity County Office of Education
Trinity,Burnt Ranch Elementary
Trinity,Coffee Creek Elementary
Trinity,Douglas City Elementary
Trinity,Junction City Elementary
Trinity,Lewiston Elementary
Trinity,Trinity Center Elementary
Trinity,Southern Trinity Joint Unified
Trinity,Mountain Valley Unified
Trinity,Trinity Alps Unified
Tulare,Tulare County Office of Education
Tulare,Allensworth Elementary
Tulare,Alpaugh Unified
Tulare,Alta Vista Elementary
Tulare,Buena Vista Elementary
Tulare,Burton Elementary
Tulare,Columbine Elementary
Tulare,Cutler-Orosi Joint Unified
Tulare,Ducor Union Elementary
Tulare,Earlimart Elementary
Tulare,Hope Elementary
Tulare,Hot Springs Elementary
Tulare,Kings River Union Elementary
Tulare,Liberty Elementary
Tulare,Lindsay Unified
Tulare,Monson-Sultana Joint Union Elementary
Tulare,Oak Valley Union Elementary
Tulare,Outside Creek Elementary
Tulare,Palo Verde Union Elementary
Tulare,Pixley Union Elementary
Tulare,Pleasant View Elementary
Tulare,Richgrove Elementary
Tulare,Rockford Elementary
Tulare,Saucelito Elementary
Tulare,Sequoia Union Elementary
Tulare,Springville Union Elementary
Tulare,Stone Corral Elementary
Tulare,Strathmore Union Elementary
Tulare,Sundale Union Elementary
Tulare,Sunnyside Union Elementary
Tulare,Terra Bella Union Elementary
Tulare,Three Rivers Union Elementary
Tulare,Tipton Elementary
Tulare,Traver Joint Elementary
Tulare,Tulare City
Tulare,Tulare Joint Union High
Tulare,Visalia Unified
Tulare,Waukena Joint Union Elementary
Tulare,Woodville Union Elementary
Tulare,Farmersville Unified
Tulare,Porterville Unified
Tulare,Dinuba Unified
Tulare,Woodlake Unified
Tulare,Exeter Unified
Tuolumne,Tuolumne County Superintendent of Schools
Tuolumne,Belleview Elementary
Tuolumne,Columbia Union
Tuolumne,Curtis Creek Elementary
Tuolumne,Jamestown Elementary
Tuolumne,Sonora Elementary
Tuolumne,Sonora Union High
Tuolumne,Soulsbyville Elementary
Tuolumne,Summerville Elementary
Tuolumne,Summerville Union High
Tuolumne,Twain Harte
Tuolumne,Big Oak Flat-Groveland Unified
Ventura,Ventura County Office of Education
Ventura,Briggs Elementary
Ventura,Fillmore Unified
Ventura,Hueneme Elementary
Ventura,Mesa Union Elementary
Ventura,Mupu Elementary
Ventura,Ocean View
Ventura,Ojai Unified
Ventura,Oxnard
Ventura,Oxnard Union High
Ventura,Pleasant Valley
Ventura,Rio Elementary
Ventura,Santa Clara Elementary
Ventura,Simi Valley Unified
Ventura,Somis Union
Ventura,Ventura Unified
Ventura,Conejo Valley Unified
Ventura,Oak Park Unified
Ventura,Moorpark Unified
Ventura,Ventura County ROP
Ventura,Santa Paula Unified
Yolo,Yolo County Office of Education
Yolo,Davis Joint Unified
Yolo,Esparto Unified
Yolo,Washington Unified
Yolo,Winters Joint Unified
Yolo,Woodland Joint Unified
Yolo,Yolo County ROP
Yuba,Yuba County Office of Education
Yuba,Camptonville Elementary
Yuba,Marysville Joint Unified
Yuba,Plumas Lake Elementary
Yuba,Wheatland
Yuba,Wheatland Union High